<?xml version="1.0" encoding="UTF-8"?>
<CustomField xmlns="http://soap.sforce.com/2006/04/metadata">
    <fullName>PS_InsurancePolicy__c</fullName>
    <deleteConstraint>SetNull</deleteConstraint>
    <label>Insurance Policy</label>
    <referenceTo>InsurancePolicy</referenceTo>
    <relationshipLabel>Solicitudes de Reactivación</relationshipLabel>
    <relationshipName>PS_InsurancesPolicy</relationshipName>
    <required>false</required>
    <trackTrending>false</trackTrending>
    <type>Lookup</type>
</CustomField>
