<?xml version="1.0" encoding="UTF-8"?>
<CustomField xmlns="http://soap.sforce.com/2006/04/metadata">
    <fullName>PS_ProcessedFlag__c</fullName>
    <label>Procesado</label>
    <required>false</required>
    <trackTrending>false</trackTrending>
    <type>Picklist</type>
    <valueSet>
        <restricted>true</restricted>
        <valueSetDefinition>
            <sorted>false</sorted>
            <value>
                <fullName>Unprocessed</fullName>
                <default>true</default>
                <label>Unprocessed</label>
            </value>
            <value>
                <fullName>Processed</fullName>
                <default>false</default>
                <label>Processed</label>
            </value>
            <value>
                <fullName>Error</fullName>
                <default>false</default>
                <label>Error</label>
            </value>
        </valueSetDefinition>
    </valueSet>
</CustomField>
