<?xml version="1.0" encoding="UTF-8"?>
<ApexClass xmlns="http://soap.sforce.com/2006/04/metadata">
    <apiVersion>63.0</apiVersion>
    <packageVersions>
        <majorNumber>890</majorNumber>
        <minorNumber>451</minorNumber>
        <namespace>vlocity_ins</namespace>
    </packageVersions>
    <packageVersions>
        <majorNumber>891</majorNumber>
        <minorNumber>105</minorNumber>
        <namespace>vlocity_ins_fsc</namespace>
    </packageVersions>
    <status>Active</status>
</ApexClass>
